<?xml version='1.0'?>
<home version='7400' exportFlags='17' name='fnaf.sh3d' camera='observerCamera' selectedLevel='level-1927c239-bdbd-481e-ac3c-a5a2872bac1d' wallHeight='250.0'>
  <environment groundColor='00A8A8A8' skyColor='00CCE4FC' lightColor='00D0D0D0' allLevelsVisible='true'/>
  <observerCamera attribute='observerCamera' lens='PINHOLE' x='-285.33936' y='-121.90234' z='432.0' yaw='5.087434' pitch='0.121348955' fieldOfView='1.0995575' time='1756209600000' fixedSize='true'/>
  <camera attribute='topCamera' lens='PINHOLE' x='447.0457' y='2505.6462' z='837.5521' yaw='28.581648' pitch='0.3299998' fieldOfView='1.0995575' time='1756209600000'/>
  <level id='level-cb03f8ba-1f86-47ec-8f86-8bc96ba91912' name='Nivel 0' elevation='0.0' floorThickness='12.0' height='250.0' elevationIndex='0'/>
  <level id='level-1927c239-bdbd-481e-ac3c-a5a2872bac1d' name='Nivel 1' elevation='262.0' floorThickness='12.0' height='250.0' elevationIndex='0'/>
  <doorOrWindow level='level-1927c239-bdbd-481e-ac3c-a5a2872bac1d' catalogId='eTeks#doorFrame' name='Marco puerta' creator='eTeks' model='1' x='393.70593' y='863.7136' angle='1.5707964' width='91.5' depth='22.800749' height='208.5' modelSize='1281' movable='false' cutOutShape='M0,0 v1 h1 v-1 z' wallCutOutOnBothSides='true'/>
  <doorOrWindow level='level-1927c239-bdbd-481e-ac3c-a5a2872bac1d' catalogId='eTeks#doorFrame' name='Marco puerta' creator='eTeks' model='1' x='-245.19406' y='623.28' angle='1.2330335E-7' width='91.5' depth='22.800749' height='208.5' modelSize='1281' movable='false' cutOutShape='M0,0 v1 h1 v-1 z' wallCutOutOnBothSides='true'/>
  <doorOrWindow level='level-1927c239-bdbd-481e-ac3c-a5a2872bac1d' catalogId='eTeks#doorFrame' name='Marco puerta' creator='eTeks' model='1' x='489.19263' y='623.28' angle='1.2330335E-7' width='91.5' depth='22.800749' height='208.5' modelSize='1281' movable='false' cutOutShape='M0,0 v1 h1 v-1 z' wallCutOutOnBothSides='true'/>
  <doorOrWindow level='level-1927c239-bdbd-481e-ac3c-a5a2872bac1d' catalogId='eTeks#doorFrame' name='Marco puerta' creator='eTeks' model='1' x='585.52734' y='767.8784' angle='1.5707964' width='91.5' depth='22.800749' height='208.5' modelSize='1281' movable='false' cutOutShape='M0,0 v1 h1 v-1 z' wallCutOutOnBothSides='true'/>
  <doorOrWindow level='level-1927c239-bdbd-481e-ac3c-a5a2872bac1d' catalogId='eTeks#doorFrame' name='Marco puerta' creator='eTeks' model='1' x='635.464' y='501.9502' angle='1.5707964' width='91.5' depth='22.800749' height='208.5' modelSize='1281' movable='false' cutOutShape='M0,0 v1 h1 v-1 z' wallCutOutOnBothSides='true'/>
  <doorOrWindow level='level-1927c239-bdbd-481e-ac3c-a5a2872bac1d' catalogId='eTeks#doorFrame' name='Marco puerta' creator='eTeks' model='1' x='-354.5362' y='301.48138' angle='4.712389' width='91.5' depth='22.800749' height='208.5' modelSize='1281' movable='false' cutOutShape='M0,0 v1 h1 v-1 z' wallCutOutOnBothSides='true'/>
  <doorOrWindow level='level-1927c239-bdbd-481e-ac3c-a5a2872bac1d' catalogId='eTeks#doorFrame' name='Marco puerta' creator='eTeks' model='1' x='486.96313' y='-186.71985' width='91.5' depth='22.800749' height='208.5' modelSize='1281' movable='false' cutOutShape='M0,0 v1 h1 v-1 z' wallCutOutOnBothSides='true'/>
  <doorOrWindow level='level-1927c239-bdbd-481e-ac3c-a5a2872bac1d' catalogId='eTeks#doorFrame' name='Marco puerta' creator='eTeks' model='1' x='-357.36295' y='-94.32007' angle='1.5707964' width='91.5' depth='22.800749' height='208.5' modelSize='1281' movable='false' cutOutShape='M0,0 v1 h1 v-1 z' wallCutOutOnBothSides='true'/>
  <doorOrWindow level='level-1927c239-bdbd-481e-ac3c-a5a2872bac1d' catalogId='eTeks#doorFrame' name='Marco puerta' creator='eTeks' model='1' x='-357.36295' y='106.148865' angle='1.5707964' width='91.5' depth='22.800749' height='208.5' modelSize='1281' movable='false' cutOutShape='M0,0 v1 h1 v-1 z' wallCutOutOnBothSides='true'/>
  <doorOrWindow level='level-1927c239-bdbd-481e-ac3c-a5a2872bac1d' catalogId='eTeks#doorFrame' name='Marco puerta' creator='eTeks' model='1' x='-136.29425' y='859.1665' angle='4.712389' width='91.5' depth='22.800749' height='208.5' modelSize='1281' movable='false' cutOutShape='M0,0 v1 h1 v-1 z' wallCutOutOnBothSides='true'/>
  <doorOrWindow level='level-1927c239-bdbd-481e-ac3c-a5a2872bac1d' catalogId='eTeks#serviceHatch' name='Agujero en la pared' creator='eTeks' model='3' x='111.83252' y='913.2803' elevation='100.0' angle='1.7484555E-7' width='300.0' depth='18.00075' height='100.0' modelSize='2316' movable='false' cutOutShape='M0,0 v1 h1 v-1 z'/>
  <doorOrWindow level='level-1927c239-bdbd-481e-ac3c-a5a2872bac1d' catalogId='eTeks#roundDoorFrame' name='Marco de ouerta con arco semicircular' creator='eTeks' model='5' x='497.3474' y='-714.49756' angle='3.1415927' width='80.0' depth='18.00075' height='200.0' modelSize='4396' movable='false' cutOutShape='M0,1 v-0.8 a0.5,0.2 0 1,1 1,0 v0.8 z' wallCutOutOnBothSides='true'/>
  <pieceOfFurniture level='level-1927c239-bdbd-481e-ac3c-a5a2872bac1d' catalogId='eTeks#electricRadiator' name='Radiador electrico' creator='eTeks' model='7' x='621.46387' y='-114.83789' elevation='20.0' angle='1.5707964' width='37.0' depth='10.0' height='45.0' modelSize='7415' movable='false'/>
  <pieceOfFurniture level='level-1927c239-bdbd-481e-ac3c-a5a2872bac1d' catalogId='eTeks#electricRadiator' name='Radiador electrico' creator='eTeks' model='7' x='-115.44733' y='609.28' elevation='20.0' angle='3.1415927' width='37.0' depth='10.0' height='45.0' modelSize='7415' movable='false'/>
  <pieceOfFurniture level='level-1927c239-bdbd-481e-ac3c-a5a2872bac1d' catalogId='eTeks#electricRadiator' name='Radiador electrico' creator='eTeks' model='7' x='-393.64398' y='241.48566' elevation='20.0' angle='1.7484555E-7' width='37.0' depth='10.0' height='45.0' modelSize='7415' movable='false'/>
  <pieceOfFurniture level='level-1927c239-bdbd-481e-ac3c-a5a2872bac1d' catalogId='eTeks#electricRadiator' name='Radiador electrico' creator='eTeks' model='7' x='-150.29419' y='657.3977' elevation='20.0' angle='1.5707964' width='37.0' depth='10.0' height='45.0' modelSize='7415' movable='false'/>
  <pieceOfFurniture level='level-1927c239-bdbd-481e-ac3c-a5a2872bac1d' catalogId='eTeks#electricRadiator' name='Radiador electrico' creator='eTeks' model='7' x='407.7058' y='659.7959' elevation='20.0' angle='4.712389' width='37.0' depth='10.0' height='45.0' modelSize='7415' movable='false'/>
  <pieceOfFurniture level='level-1927c239-bdbd-481e-ac3c-a5a2872bac1d' catalogId='eTeks#electricRadiator' name='Radiador electrico' creator='eTeks' model='7' x='1077.9639' y='637.2803' elevation='20.0' width='37.0' depth='10.0' height='45.0' modelSize='7415' movable='false'/>
  <pieceOfFurniture level='level-1927c239-bdbd-481e-ac3c-a5a2872bac1d' catalogId='eTeks#hotWaterRadiator' name='Radiador agua caliente' creator='eTeks' model='9' x='1083.9639' y='1064.7102' elevation='20.0' angle='1.5707964' width='65.0' depth='25.0' height='61.0' modelSize='336022' movable='false'/>
  <pieceOfFurniture level='level-1927c239-bdbd-481e-ac3c-a5a2872bac1d' catalogId='eTeks#fireplace' name='Chimenea' creator='eTeks' model='11' x='141.48865' y='570.78' angle='3.1415927' width='145.0' depth='85.0' height='250.0' modelSize='14508' movable='false'/>
  <pieceOfFurniture level='level-1927c239-bdbd-481e-ac3c-a5a2872bac1d' catalogId='eTeks#flatTV' name='TV Plana' creator='eTeks' model='13' x='143.87805' y='513.28' elevation='142.0' angle='3.1415927' width='121.0' depth='30.0' height='79.3' modelSize='13041'/>
  <pieceOfFurniture level='level-1927c239-bdbd-481e-ac3c-a5a2872bac1d' catalogId='eTeks#table' name='Mesa rectangular' creator='eTeks' model='15' x='147.03772' y='411.38696' angle='3.1415927' width='203.0' depth='87.0' height='28.0' modelSize='5486'/>
  <pieceOfFurniture level='level-1927c239-bdbd-481e-ac3c-a5a2872bac1d' catalogId='eTeks#cornerSofa' name='Chaise longue' creator='eTeks' model='17' x='257.1671' y='320.15546' width='233.0' depth='168.0' height='87.0' color='FF797979' modelSize='364199'/>
  <pieceOfFurniture level='level-1927c239-bdbd-481e-ac3c-a5a2872bac1d' catalogId='eTeks#cornerSofa' name='Chaise longue' creator='eTeks' model='17' x='24.167114' y='320.96954' width='233.0' depth='168.0' height='87.0' modelMirrored='true' color='FF797979' modelSize='364199'/>
  <pieceOfFurniture level='level-1927c239-bdbd-481e-ac3c-a5a2872bac1d' catalogId='eTeks#stool' name='Taburete' creator='eTeks' model='19' x='48.988647' y='593.28' angle='3.1415927' width='40.0' depth='40.0' height='46.0' modelSize='19756'/>
  <pieceOfFurniture level='level-1927c239-bdbd-481e-ac3c-a5a2872bac1d' catalogId='eTeks#flowers' name='Flores' creator='eTeks' model='21' x='50.032227' y='593.22485' elevation='46.0' angle='3.1415927' width='24.2' depth='22.1' height='49.3' modelSize='185791'/>
  <pieceOfFurniture level='level-1927c239-bdbd-481e-ac3c-a5a2872bac1d' catalogId='eTeks#piano' name='Piano' creator='eTeks' model='23' x='-323.0361' y='454.2246' angle='4.712389' width='140.0' depth='43.0' height='82.0' modelSize='29003'/>
  <shelfUnit level='level-1927c239-bdbd-481e-ac3c-a5a2872bac1d' catalogId='eTeks#filledBookcase' name='Estantería' creator='eTeks' model='25' x='266.98865' y='582.7803' angle='3.1415927' width='106.0' depth='61.0' height='180.0' modelSize='50961'/>
  <shelfUnit level='level-1927c239-bdbd-481e-ac3c-a5a2872bac1d' catalogId='eTeks#glassDoorCabinet' name='Vitrina' creator='eTeks' model='27' x='354.98865' y='593.9302' angle='3.1415927' width='70.0' depth='38.7' height='198.2' modelSize='44252'/>
  <pieceOfFurniture level='level-1927c239-bdbd-481e-ac3c-a5a2872bac1d' catalogId='eTeks#frame' name='Cuadro' creator='eTeks' model='29/frame.obj' x='-37.95691' y='610.78' elevation='133.0' angle='3.1415927' width='111.0' depth='7.0' height='68.0' modelSize='3155'>
    <texture name='...' width='250.0' height='249.99998' image='30'/>
  </pieceOfFurniture>
  <light level='level-1927c239-bdbd-481e-ac3c-a5a2872bac1d' catalogId='eTeks#pendantLamp' name='Lámpara de techo' creator='eTeks' model='32' x='140.10754' y='415.65723' elevation='229.0' width='60.0' depth='60.0' height='80.0' shininess='0.5' modelSize='15723'/>
  <light level='level-1927c239-bdbd-481e-ac3c-a5a2872bac1d' catalogId='eTeks#lightSource' name='Bombilla blanca' creator='eTeks' model='34' x='139.39319' y='414.56738' elevation='218.0' width='10.0' depth='10.0' height='10.0' modelSize='1286' horizontallyRotatable='false' deformable='false' texturable='false'/>
  <pieceOfFurniture level='level-cb03f8ba-1f86-47ec-8f86-8bc96ba91912' catalogId='eTeks#generatedStaircase' name='U shaped staircase with top landing' creator='Chami' model='38/staircase.obj' x='578.46387' y='190.16614' angle='1.5707964' width='460.0' depth='94.0' height='370.5' movable='false' staircaseCutOutShape='M 0,0 v0.95844877 h0.18384697 V1 L1,1 V0 z'/>
  <pieceOfFurniture level='level-1927c239-bdbd-481e-ac3c-a5a2872bac1d' catalogId='eTeks#railing' name='Barandilla' creator='eTeks' model='40' x='579.2639' y='421.01245' elevation='10.0' width='94.4' depth='5.0' depthInPlan='5.0000005' height='90.0' color='FF694926' modelSize='6781' movable='false'/>
  <pieceOfFurniture level='level-1927c239-bdbd-481e-ac3c-a5a2872bac1d' catalogId='eTeks#railing' name='Barandilla' creator='eTeks' model='40' x='528.96387' y='375.4973' elevation='10.0' angle='1.5707964' width='94.4' depth='5.0' depthInPlan='5.0000005' height='90.0' color='FF694926' modelSize='6781' movable='false'/>
  <pieceOfFurniture level='level-1927c239-bdbd-481e-ac3c-a5a2872bac1d' catalogId='eTeks#railing' name='Barandilla' creator='eTeks' model='40' x='528.96387' y='282.3344' elevation='10.0' angle='1.5707964' width='94.4' depth='5.0' depthInPlan='5.0000005' height='90.0' color='FF694926' modelSize='6781' movable='false'/>
  <pieceOfFurniture level='level-1927c239-bdbd-481e-ac3c-a5a2872bac1d' catalogId='eTeks#railing' name='Barandilla' creator='eTeks' model='40' x='528.96387' y='189.73022' elevation='10.0' angle='1.5707964' width='94.4' depth='5.0' depthInPlan='5.0000005' height='90.0' color='FF694926' modelSize='6781' movable='false'/>
  <pieceOfFurniture level='level-1927c239-bdbd-481e-ac3c-a5a2872bac1d' catalogId='eTeks#railing' name='Barandilla' creator='eTeks' model='40' x='528.96387' y='94.65112' elevation='10.0' angle='1.5707964' width='94.4' depth='5.0' depthInPlan='5.0000005' height='90.0' color='FF694926' modelSize='6781' movable='false'/>
  <pieceOfFurniture level='level-1927c239-bdbd-481e-ac3c-a5a2872bac1d' catalogId='eTeks#squareTable' name='Mesa cuadrada' creator='eTeks' model='42' x='37.041138' y='-5.0132446' width='315.0' depth='164.0' height='74.0' modelSize='3045'/>
  <pieceOfFurniture level='level-1927c239-bdbd-481e-ac3c-a5a2872bac1d' catalogId='eTeks#chair' name='Silla' creator='eTeks' model='44' x='-33.613647' y='-108.013245' width='40.0' depth='42.0' height='90.0' modelSize='3025'/>
  <pieceOfFurniture level='level-1927c239-bdbd-481e-ac3c-a5a2872bac1d' catalogId='eTeks#chair' name='Silla' creator='eTeks' model='44' x='107.92346' y='-108.013245' width='40.0' depth='42.0' height='90.0' modelSize='3025'/>
  <pieceOfFurniture level='level-1927c239-bdbd-481e-ac3c-a5a2872bac1d' catalogId='eTeks#chair' name='Silla' creator='eTeks' model='44' x='215.54114' y='-6.225952' angle='1.5707964' width='40.0' depth='42.0' height='90.0' modelSize='3025'/>
  <pieceOfFurniture level='level-1927c239-bdbd-481e-ac3c-a5a2872bac1d' catalogId='eTeks#chair' name='Silla' creator='eTeks' model='44' x='-141.45886' y='-4.456482' angle='4.712389' width='40.0' depth='42.0' height='90.0' modelSize='3025'/>
  <pieceOfFurniture level='level-1927c239-bdbd-481e-ac3c-a5a2872bac1d' catalogId='eTeks#chair' name='Silla' creator='eTeks' model='44' x='-36.401978' y='97.986755' angle='3.1415927' width='40.0' depth='42.0' height='90.0' modelSize='3025'/>
  <pieceOfFurniture level='level-1927c239-bdbd-481e-ac3c-a5a2872bac1d' catalogId='eTeks#chair' name='Silla' creator='eTeks' model='44' x='105.13513' y='97.986755' angle='3.1415927' width='40.0' depth='42.0' height='90.0' modelSize='3025'/>
  <pieceOfFurniture level='level-1927c239-bdbd-481e-ac3c-a5a2872bac1d' catalogId='eTeks#laptop' name='Portatil' creator='eTeks' model='46' x='105.442505' y='44.677734' elevation='74.0' width='32.5' depth='35.5' height='19.2' modelSize='45826'/>
  <pieceOfFurniture level='level-1927c239-bdbd-481e-ac3c-a5a2872bac1d' catalogId='eTeks#aquarium' name='Acuario' creator='eTeks' model='48' x='-319.5361' y='5.985779' angle='4.712389' width='92.0' depth='50.0' height='190.0' modelSize='22044'/>
  <light level='level-1927c239-bdbd-481e-ac3c-a5a2872bac1d' catalogId='eTeks#spotlight' name='Lámpara de foco' creator='eTeks' model='50' x='-340.40335' y='-172.76978' elevation='238.0' angle='5.497787' width='6.8' depth='9.900001' height='13.1' color='FFFFFFFF' modelSize='9300'/>
  <light level='level-1927c239-bdbd-481e-ac3c-a5a2872bac1d' catalogId='eTeks#spotlight' name='Lámpara de foco' creator='eTeks' model='50' x='-368.4861' y='-173.51483' elevation='238.0' angle='1.0471976' width='6.8' depth='9.900001' height='13.1' color='FFFFFFFF' modelSize='9300'/>
  <light level='level-1927c239-bdbd-481e-ac3c-a5a2872bac1d' catalogId='eTeks#spotlight' name='Lámpara de foco' creator='eTeks' model='50' x='-715.00586' y='241.43567' elevation='238.0' angle='5.7595863' width='6.8' depth='9.900001' height='13.1' color='FFFFFFFF' modelSize='9300'/>
  <light level='level-1927c239-bdbd-481e-ac3c-a5a2872bac1d' catalogId='eTeks#spotlight' name='Lámpara de foco' creator='eTeks' model='50' x='-341.09546' y='1094.3303' elevation='238.0' angle='3.6651917' width='6.8' depth='9.900001' height='13.1' color='FFFFFFFF' modelSize='9300'/>
  <light level='level-1927c239-bdbd-481e-ac3c-a5a2872bac1d' catalogId='eTeks#spotlight' name='Lámpara de foco' creator='eTeks' model='50' x='571.5773' y='1095.8801' elevation='238.0' angle='2.0943952' width='6.8' depth='9.900001' height='13.1' color='FFFFFFFF' modelSize='9300'/>
  <light level='level-1927c239-bdbd-481e-ac3c-a5a2872bac1d' catalogId='eTeks#spotlight' name='Lámpara de foco' creator='eTeks' model='50' x='599.4772' y='635.6802' elevation='238.0' angle='5.4977875' width='6.8' widthInPlan='6.800001' depth='9.900001' depthInPlan='9.900002' height='13.1' color='FFFFFFFF' modelSize='9300'/>
  <light level='level-1927c239-bdbd-481e-ac3c-a5a2872bac1d' catalogId='eTeks#spotlight' name='Lámpara de foco' creator='eTeks' model='50' x='649.4138' y='-29.319824' elevation='238.0' angle='5.759587' width='6.8' widthInPlan='6.800001' depth='9.900001' depthInPlan='9.900002' height='13.1' color='FFFFFFFF' modelSize='9300'/>
  <light level='level-1927c239-bdbd-481e-ac3c-a5a2872bac1d' catalogId='eTeks#spotlight' name='Lámpara de foco' creator='eTeks' model='50' x='584.8944' y='-200.6698' elevation='238.0' angle='3.1415927' width='6.8' widthInPlan='6.800001' depth='9.900001' depthInPlan='9.900002' height='13.1' color='FFFFFFFF' modelSize='9300'/>
  <pieceOfFurniture level='level-1927c239-bdbd-481e-ac3c-a5a2872bac1d' catalogId='eTeks#toiletUnit' name='Inodoro' creator='eTeks' model='52' x='-499.0517' y='53.91449' angle='1.7484555E-7' width='40.0' depth='80.0' height='62.0' modelSize='125874' movable='false'/>
  <pieceOfFurniture level='level-1927c239-bdbd-481e-ac3c-a5a2872bac1d' catalogId='eTeks#washbasinWithCabinet' name='Armario lavabo' creator='eTeks' model='54' x='-564.1639' y='42.41449' angle='1.7484555E-7' width='62.0' depth='57.0' height='97.0' modelSize='66142' movable='false'/>
  <pieceOfFurniture level='level-1927c239-bdbd-481e-ac3c-a5a2872bac1d' catalogId='eTeks#mannequin' name='Maniquí' creator='eTeks' model='56/mannequin.obj' x='-672.11383' y='166.24274' angle='3.141593' width='42.0' depth='42.0' height='152.0' modelSize='133023'/>
  <doorOrWindow level='level-1927c239-bdbd-481e-ac3c-a5a2872bac1d' catalogId='eTeks#sliderWindow126x200' name='Ventana corredera' creator='eTeks' model='58' x='-606.7025' y='100.793274' angle='4.712389' width='173.0' depth='12.0' height='250.0' modelSize='7950' movable='false' cutOutShape='M0,0 v1 h1 v-1 z' wallCutOutOnBothSides='true'/>
  <pieceOfFurniture level='level-1927c239-bdbd-481e-ac3c-a5a2872bac1d' catalogId='eTeks#shower' name='Plato de ducha' creator='eTeks' model='60' x='-653.61383' y='53.41449' width='79.0' depth='79.0' height='211.0' modelSize='21504' movable='false'/>
  <pieceOfFurniture level='level-1927c239-bdbd-481e-ac3c-a5a2872bac1d' catalogId='eTeks#hotWaterRadiator' name='Radiador agua caliente' creator='eTeks' model='9' x='-396.0361' y='175.74286' elevation='20.0' angle='3.141593' width='65.0' depth='25.0' height='61.0' modelSize='336022' movable='false'/>
  <doorOrWindow level='level-1927c239-bdbd-481e-ac3c-a5a2872bac1d' catalogId='eTeks#openDoor' name='Puerta abierta' creator='eTeks' model='62' x='-389.03574' y='107.1637' angle='1.5707964' width='91.5' depth='68.0' height='208.5' modelSize='14055' movable='false' cutOutShape='M0,0 v1 h1 v-1 z' wallCutOutOnBothSides='true'/>
  <wall id='wall-a5a22db4-33cf-4e21-8227-346d98c480e7' level='level-1927c239-bdbd-481e-ac3c-a5a2872bac1d' wallAtEnd='wall-0da7959d-5c8b-4bbc-89bd-b1f16170da71' xStart='-354.5361' yStart='227.48566' xEnd='-729.53613' yEnd='227.48566' height='250.0' thickness='18.0' pattern='hatchUp'>
    <texture attribute='leftSideTexture' name='Acabado Rugoso' creator='eTeks' catalogId='eTeks#roughcast' width='20.0' height='20.0' image='63'/>
    <baseboard attribute='leftSideBaseboard' thickness='1.0' height='7.0'>
      <texture name='Guijarros' creator='eTeks' width='20.0' height='20.0' image='67'/>
    </baseboard>
  </wall>
  <wall id='wall-0da7959d-5c8b-4bbc-89bd-b1f16170da71' level='level-1927c239-bdbd-481e-ac3c-a5a2872bac1d' wallAtStart='wall-a5a22db4-33cf-4e21-8227-346d98c480e7' wallAtEnd='wall-e5214f74-1521-4864-8095-4beaef0dc68d' xStart='-729.53613' yStart='227.48566' xEnd='-729.53613' yEnd='697.4856' height='250.0' thickness='18.0' pattern='hatchUp'>
    <texture attribute='leftSideTexture' name='Acabado Rugoso' creator='eTeks' catalogId='eTeks#roughcast' width='20.0' height='20.0' image='63'/>
    <baseboard attribute='leftSideBaseboard' thickness='1.0' height='7.0'>
      <texture name='Guijarros' creator='eTeks' width='20.0' height='20.0' image='67'/>
    </baseboard>
  </wall>
  <wall id='wall-e5214f74-1521-4864-8095-4beaef0dc68d' level='level-1927c239-bdbd-481e-ac3c-a5a2872bac1d' wallAtStart='wall-0da7959d-5c8b-4bbc-89bd-b1f16170da71' wallAtEnd='wall-df940d7c-dafe-4c02-8b39-b3b55cdeb875' xStart='-729.53613' yStart='697.4856' xEnd='-354.5361' yEnd='697.4856' height='250.0' thickness='18.0' pattern='hatchUp'>
    <texture attribute='leftSideTexture' name='Acabado Rugoso' creator='eTeks' catalogId='eTeks#roughcast' width='20.0' height='20.0' image='63'/>
    <baseboard attribute='leftSideBaseboard' thickness='1.0' height='7.0'>
      <texture name='Guijarros' creator='eTeks' width='20.0' height='20.0' image='67'/>
    </baseboard>
  </wall>
  <wall id='wall-df940d7c-dafe-4c02-8b39-b3b55cdeb875' level='level-1927c239-bdbd-481e-ac3c-a5a2872bac1d' wallAtStart='wall-e5214f74-1521-4864-8095-4beaef0dc68d' xStart='-354.5361' yStart='697.4856' xEnd='-354.5361' yEnd='623.2803' height='250.0' thickness='18.0' pattern='hatchUp'>
    <texture attribute='leftSideTexture' name='Acabado Rugoso' creator='eTeks' catalogId='eTeks#roughcast' width='20.0' height='20.0' image='63'/>
    <texture attribute='rightSideTexture' name='Acabado Rugoso' creator='eTeks' catalogId='eTeks#roughcast' width='20.0' height='20.0' image='63'/>
    <baseboard attribute='leftSideBaseboard' thickness='1.0' height='7.0'>
      <texture name='Guijarros' creator='eTeks' width='20.0' height='20.0' image='67'/>
    </baseboard>
    <baseboard attribute='rightSideBaseboard' thickness='1.0' height='7.0'>
      <texture name='Guijarros' creator='eTeks' width='20.0' height='20.0' image='67'/>
    </baseboard>
  </wall>
  <wall id='wall-a5fa60d3-e6c2-4ace-a9cc-87faaacc0b75' level='level-1927c239-bdbd-481e-ac3c-a5a2872bac1d' wallAtEnd='wall-66202694-0581-49a9-8896-1284db4326fa' xStart='-354.6618' yStart='697.4856' xEnd='-354.66177' yEnd='1108.2803' height='250.0' thickness='18.0' pattern='hatchUp'>
    <texture attribute='leftSideTexture' name='Acabado Rugoso' creator='eTeks' catalogId='eTeks#roughcast' width='20.0' height='20.0' image='63'/>
    <baseboard attribute='leftSideBaseboard' thickness='1.0' height='7.0'>
      <texture name='Guijarros' creator='eTeks' width='20.0' height='20.0' image='67'/>
    </baseboard>
  </wall>
  <wall id='wall-66202694-0581-49a9-8896-1284db4326fa' level='level-1927c239-bdbd-481e-ac3c-a5a2872bac1d' wallAtStart='wall-a5fa60d3-e6c2-4ace-a9cc-87faaacc0b75' wallAtEnd='wall-94417cec-09cf-472a-aa1e-772c4a2e440b' xStart='-354.66177' yStart='1108.2803' xEnd='585.5272' yEnd='1108.2803' height='250.0' thickness='18.0' pattern='hatchUp'>
    <texture attribute='leftSideTexture' name='Acabado Rugoso' creator='eTeks' catalogId='eTeks#roughcast' width='20.0' height='20.0' image='63'/>
    <baseboard attribute='leftSideBaseboard' thickness='1.0' height='7.0'>
      <texture name='Guijarros' creator='eTeks' width='20.0' height='20.0' image='67'/>
    </baseboard>
  </wall>
  <wall id='wall-94417cec-09cf-472a-aa1e-772c4a2e440b' level='level-1927c239-bdbd-481e-ac3c-a5a2872bac1d' wallAtStart='wall-66202694-0581-49a9-8896-1284db4326fa' xStart='585.5272' yStart='1108.2803' xEnd='585.5272' yEnd='623.2803' height='250.0' thickness='18.0' pattern='hatchUp'>
    <texture attribute='leftSideTexture' name='Acabado Rugoso' creator='eTeks' catalogId='eTeks#roughcast' width='20.0' height='20.0' image='63'/>
    <texture attribute='rightSideTexture' name='Acabado Rugoso' creator='eTeks' catalogId='eTeks#roughcast' width='20.0' height='20.0' image='63'/>
    <baseboard attribute='leftSideBaseboard' thickness='1.0' height='7.0'>
      <texture name='Guijarros' creator='eTeks' width='20.0' height='20.0' image='67'/>
    </baseboard>
    <baseboard attribute='rightSideBaseboard' thickness='1.0' height='7.0'>
      <texture name='Guijarros' creator='eTeks' width='20.0' height='20.0' image='67'/>
    </baseboard>
  </wall>
  <wall id='wall-45eb8bd3-a8fd-425b-9762-2e881c714b41' level='level-1927c239-bdbd-481e-ac3c-a5a2872bac1d' wallAtEnd='wall-7603d9ee-bd93-44c1-891f-88dfa40c2e53' xStart='393.7058' yStart='623.2803' xEnd='393.7058' yEnd='913.2803' height='250.0' thickness='18.0' pattern='hatchUp'>
    <texture attribute='leftSideTexture' name='Acabado Rugoso' creator='eTeks' catalogId='eTeks#roughcast' width='20.0' height='20.0' image='63'/>
    <texture attribute='rightSideTexture' name='Acabado Rugoso' creator='eTeks' catalogId='eTeks#roughcast' width='20.0' height='20.0' image='63'/>
    <baseboard attribute='leftSideBaseboard' thickness='1.0' height='7.0'>
      <texture name='Guijarros' creator='eTeks' width='20.0' height='20.0' image='67'/>
    </baseboard>
    <baseboard attribute='rightSideBaseboard' thickness='1.0' height='7.0'>
      <texture name='Guijarros' creator='eTeks' width='20.0' height='20.0' image='67'/>
    </baseboard>
  </wall>
  <wall id='wall-7603d9ee-bd93-44c1-891f-88dfa40c2e53' level='level-1927c239-bdbd-481e-ac3c-a5a2872bac1d' wallAtStart='wall-45eb8bd3-a8fd-425b-9762-2e881c714b41' wallAtEnd='wall-c267a49b-19dc-409b-8930-77d52bc61821' xStart='393.7058' yStart='913.2803' xEnd='-136.29419' yEnd='913.2803' height='250.0' thickness='18.0' pattern='hatchUp'>
    <texture attribute='leftSideTexture' name='Acabado Rugoso' creator='eTeks' catalogId='eTeks#roughcast' width='20.0' height='20.0' image='63'/>
    <texture attribute='rightSideTexture' name='Acabado Rugoso' creator='eTeks' catalogId='eTeks#roughcast' width='20.0' height='20.0' image='63'/>
    <baseboard attribute='leftSideBaseboard' thickness='1.0' height='7.0'>
      <texture name='Guijarros' creator='eTeks' width='20.0' height='20.0' image='67'/>
    </baseboard>
    <baseboard attribute='rightSideBaseboard' thickness='1.0' height='7.0'>
      <texture name='Guijarros' creator='eTeks' width='20.0' height='20.0' image='67'/>
    </baseboard>
  </wall>
  <wall id='wall-c267a49b-19dc-409b-8930-77d52bc61821' level='level-1927c239-bdbd-481e-ac3c-a5a2872bac1d' wallAtStart='wall-7603d9ee-bd93-44c1-891f-88dfa40c2e53' xStart='-136.29419' yStart='913.2803' xEnd='-136.29419' yEnd='623.2803' height='250.0' thickness='18.0' pattern='hatchUp'>
    <texture attribute='leftSideTexture' name='Acabado Rugoso' creator='eTeks' catalogId='eTeks#roughcast' width='20.0' height='20.0' image='63'/>
    <texture attribute='rightSideTexture' name='Acabado Rugoso' creator='eTeks' catalogId='eTeks#roughcast' width='20.0' height='20.0' image='63'/>
    <baseboard attribute='leftSideBaseboard' thickness='1.0' height='7.0'>
      <texture name='Guijarros' creator='eTeks' width='20.0' height='20.0' image='67'/>
    </baseboard>
    <baseboard attribute='rightSideBaseboard' thickness='1.0' height='7.0'>
      <texture name='Guijarros' creator='eTeks' width='20.0' height='20.0' image='67'/>
    </baseboard>
  </wall>
  <wall id='wall-37b0c414-81de-44c7-a752-99310a70105b' level='level-1927c239-bdbd-481e-ac3c-a5a2872bac1d' wallAtEnd='wall-09097316-f1c9-4def-8d4a-a326aad0e78c' xStart='635.46387' yStart='623.2803' xEnd='1105.4639' yEnd='623.2803' height='250.0' thickness='18.0' pattern='hatchUp'>
    <texture attribute='leftSideTexture' name='Acabado Rugoso' creator='eTeks' catalogId='eTeks#roughcast' width='20.0' height='20.0' image='63'/>
    <texture attribute='rightSideTexture' name='Acabado Rugoso' creator='eTeks' catalogId='eTeks#roughcast' width='20.0' height='20.0' image='63'/>
    <baseboard attribute='leftSideBaseboard' thickness='1.0' height='7.0'>
      <texture name='Guijarros' creator='eTeks' width='20.0' height='20.0' image='67'/>
    </baseboard>
    <baseboard attribute='rightSideBaseboard' thickness='1.0' height='7.0'>
      <texture name='Guijarros' creator='eTeks' width='20.0' height='20.0' image='67'/>
    </baseboard>
  </wall>
  <wall id='wall-09097316-f1c9-4def-8d4a-a326aad0e78c' level='level-1927c239-bdbd-481e-ac3c-a5a2872bac1d' wallAtStart='wall-37b0c414-81de-44c7-a752-99310a70105b' wallAtEnd='wall-29dfb2e2-3ed6-40e3-8f7e-ce08052ef990' xStart='1105.4639' yStart='623.2803' xEnd='1105.4639' yEnd='1108.2803' height='250.0' thickness='18.0' pattern='hatchUp'>
    <texture attribute='rightSideTexture' name='Acabado Rugoso' creator='eTeks' catalogId='eTeks#roughcast' width='20.0' height='20.0' image='63'/>
    <baseboard attribute='rightSideBaseboard' thickness='1.0' height='7.0'>
      <texture name='Guijarros' creator='eTeks' width='20.0' height='20.0' image='67'/>
    </baseboard>
  </wall>
  <wall id='wall-29dfb2e2-3ed6-40e3-8f7e-ce08052ef990' level='level-1927c239-bdbd-481e-ac3c-a5a2872bac1d' wallAtStart='wall-09097316-f1c9-4def-8d4a-a326aad0e78c' xStart='1105.4639' yStart='1108.2803' xEnd='585.5272' yEnd='1108.2803' height='250.0' thickness='18.0' pattern='hatchUp'>
    <texture attribute='rightSideTexture' name='Acabado Rugoso' creator='eTeks' catalogId='eTeks#roughcast' width='20.0' height='20.0' image='63'/>
    <baseboard attribute='rightSideBaseboard' thickness='1.0' height='7.0'>
      <texture name='Guijarros' creator='eTeks' width='20.0' height='20.0' image='67'/>
    </baseboard>
  </wall>
  <wall id='wall-c313a7c7-9d12-47d6-b32e-21a942936dc3' level='level-1927c239-bdbd-481e-ac3c-a5a2872bac1d' wallAtEnd='wall-4245745e-52ca-4bac-9a1a-3d4b26d04e86' xStart='1105.4639' yStart='623.2803' xEnd='1105.4639' yEnd='-41.719788' height='250.0' thickness='18.0' pattern='hatchUp'>
    <texture attribute='leftSideTexture' name='Acabado Rugoso' creator='eTeks' catalogId='eTeks#roughcast' width='20.0' height='20.0' image='63'/>
    <baseboard attribute='leftSideBaseboard' thickness='1.0' height='7.0'>
      <texture name='Guijarros' creator='eTeks' width='20.0' height='20.0' image='67'/>
    </baseboard>
  </wall>
  <wall id='wall-4245745e-52ca-4bac-9a1a-3d4b26d04e86' level='level-1927c239-bdbd-481e-ac3c-a5a2872bac1d' wallAtStart='wall-c313a7c7-9d12-47d6-b32e-21a942936dc3' xStart='1105.4639' yStart='-41.719788' xEnd='635.46387' yEnd='-41.71985' height='250.0' thickness='18.0' pattern='hatchUp'>
    <texture attribute='leftSideTexture' name='Acabado Rugoso' creator='eTeks' catalogId='eTeks#roughcast' width='20.0' height='20.0' image='63'/>
    <baseboard attribute='leftSideBaseboard' thickness='1.0' height='7.0'>
      <texture name='Guijarros' creator='eTeks' width='20.0' height='20.0' image='67'/>
    </baseboard>
  </wall>
  <wall id='wall-2cbec476-12f7-443f-8075-71f72a348e29' level='level-1927c239-bdbd-481e-ac3c-a5a2872bac1d' wallAtStart='wall-9f946b41-a8d6-4e59-ab4b-7ee2e1e68dbd' wallAtEnd='wall-d5553430-1a6f-40e9-b94e-37add347c86e' xStart='600.46387' yStart='-714.49756' xEnd='393.7058' yEnd='-714.49756' height='250.0' thickness='18.0' pattern='hatchUp'>
    <texture attribute='leftSideTexture' name='Acabado Rugoso' creator='eTeks' catalogId='eTeks#roughcast' width='20.0' height='20.0' image='63'/>
    <baseboard attribute='leftSideBaseboard' thickness='1.0' height='7.0'>
      <texture name='Guijarros' creator='eTeks' width='20.0' height='20.0' image='67'/>
    </baseboard>
  </wall>
  <wall id='wall-d5553430-1a6f-40e9-b94e-37add347c86e' level='level-1927c239-bdbd-481e-ac3c-a5a2872bac1d' wallAtStart='wall-2cbec476-12f7-443f-8075-71f72a348e29' xStart='393.7058' yStart='-714.49756' xEnd='393.7058' yEnd='-191.71991' height='250.0' thickness='18.0' pattern='hatchUp'>
    <texture attribute='leftSideTexture' name='Acabado Rugoso' creator='eTeks' catalogId='eTeks#roughcast' width='20.0' height='20.0' image='63'/>
    <baseboard attribute='leftSideBaseboard' thickness='1.0' height='7.0'>
      <texture name='Guijarros' creator='eTeks' width='20.0' height='20.0' image='67'/>
    </baseboard>
  </wall>
  <wall id='wall-33490de4-f3d0-419d-a66c-341619228f83' level='level-1927c239-bdbd-481e-ac3c-a5a2872bac1d' wallAtEnd='wall-f40c497b-5e73-49bf-bcb6-4ff273c45b37' xStart='-353.11386' yStart='-187.75726' xEnd='-703.11383' yEnd='-187.75726' height='250.0' thickness='18.0' pattern='hatchUp'>
    <texture attribute='leftSideTexture' name='Acabado Rugoso' creator='eTeks' catalogId='eTeks#roughcast' width='20.0' height='20.0' image='63'/>
    <baseboard attribute='leftSideBaseboard' thickness='1.0' height='7.0'>
      <texture name='Guijarros' creator='eTeks' width='20.0' height='20.0' image='67'/>
    </baseboard>
  </wall>
  <wall id='wall-6c5d550b-6f15-4259-9880-29e23ed6f27a' level='level-1927c239-bdbd-481e-ac3c-a5a2872bac1d' wallAtStart='wall-4c893bae-5ddd-4f2f-9cc4-0dbddb03bcea' xStart='-703.11383' yStart='197.24274' xEnd='-353.11386' yEnd='197.24286' height='250.0' thickness='18.0' pattern='hatchUp'>
    <texture attribute='leftSideTexture' name='suspension de ruido' width='500.0' height='276.49005' image='68'/>
    <baseboard attribute='leftSideBaseboard' thickness='1.0' height='7.0'>
      <texture name='Guijarros' creator='eTeks' width='20.0' height='20.0' image='67'/>
    </baseboard>
  </wall>
  <wall id='wall-e0e6a4ec-9746-4ce9-8187-6da7e7c4fea5' level='level-1927c239-bdbd-481e-ac3c-a5a2872bac1d' xStart='-351.31064' yStart='3.9144897' xEnd='-701.3106' yEnd='3.9144897' height='250.0' thickness='18.0' pattern='hatchUp'>
    <texture attribute='leftSideTexture' name='suspension de ruido' width='500.0' height='276.49005' image='68'/>
    <texture attribute='rightSideTexture' name='Acabado Rugoso' creator='eTeks' catalogId='eTeks#roughcast' width='20.0' height='20.0' image='63'/>
    <baseboard attribute='leftSideBaseboard' thickness='1.0' height='7.0'>
      <texture name='Guijarros' creator='eTeks' width='20.0' height='20.0' image='67'/>
    </baseboard>
    <baseboard attribute='rightSideBaseboard' thickness='1.0' height='7.0'>
      <texture name='Guijarros' creator='eTeks' width='20.0' height='20.0' image='67'/>
    </baseboard>
  </wall>
  <wall id='wall-6e2fcf75-5376-4a81-a39b-453081a38705' level='level-1927c239-bdbd-481e-ac3c-a5a2872bac1d' wallAtStart='wall-de9e5494-c988-48aa-bd33-5255d08606e0' wallAtEnd='wall-dd362156-8181-4e3b-ae09-f4d147ba470e' xStart='393.7058' yStart='623.2803' xEnd='-136.29419' yEnd='623.28' height='250.0' thickness='18.0' pattern='hatchUp'>
    <texture attribute='leftSideTexture' name='Acabado Rugoso' creator='eTeks' catalogId='eTeks#roughcast' width='20.0' height='20.0' image='63'/>
    <texture attribute='rightSideTexture' name='Acabado Rugoso' creator='eTeks' catalogId='eTeks#roughcast' width='20.0' height='20.0' image='63'/>
    <baseboard attribute='leftSideBaseboard' thickness='1.0' height='7.0'>
      <texture name='Guijarros' creator='eTeks' width='20.0' height='20.0' image='67'/>
    </baseboard>
    <baseboard attribute='rightSideBaseboard' thickness='1.0' height='7.0'>
      <texture name='Guijarros' creator='eTeks' width='20.0' height='20.0' image='67'/>
    </baseboard>
  </wall>
  <wall id='wall-dd362156-8181-4e3b-ae09-f4d147ba470e' level='level-1927c239-bdbd-481e-ac3c-a5a2872bac1d' wallAtStart='wall-6e2fcf75-5376-4a81-a39b-453081a38705' wallAtEnd='wall-45bfb6b9-6250-4136-bb03-e122755865b6' xStart='-136.29419' yStart='623.28' xEnd='-354.5361' yEnd='623.28' height='250.0' thickness='18.0' pattern='hatchUp'>
    <texture attribute='leftSideTexture' name='Acabado Rugoso' creator='eTeks' catalogId='eTeks#roughcast' width='20.0' height='20.0' image='63'/>
    <texture attribute='rightSideTexture' name='Acabado Rugoso' creator='eTeks' catalogId='eTeks#roughcast' width='20.0' height='20.0' image='63'/>
    <baseboard attribute='leftSideBaseboard' thickness='1.0' height='7.0'>
      <texture name='Guijarros' creator='eTeks' width='20.0' height='20.0' image='67'/>
    </baseboard>
    <baseboard attribute='rightSideBaseboard' thickness='1.0' height='7.0'>
      <texture name='Guijarros' creator='eTeks' width='20.0' height='20.0' image='67'/>
    </baseboard>
  </wall>
  <wall id='wall-669b0cb2-032b-470a-9fa9-0228d2a3e743' level='level-1927c239-bdbd-481e-ac3c-a5a2872bac1d' wallAtStart='wall-97bd571a-eca3-4ec5-b2da-c1ba08850336' wallAtEnd='wall-90a71e53-d177-4e4d-8243-b5fce57d32fe' xStart='600.46387' yStart='-186.71979' xEnd='635.46387' yEnd='-186.71979' height='250.0' thickness='18.0' pattern='hatchUp'>
    <texture attribute='rightSideTexture' name='Acabado Rugoso' creator='eTeks' catalogId='eTeks#roughcast' width='20.0' height='20.0' image='63'/>
    <baseboard attribute='rightSideBaseboard' thickness='1.0' height='7.0'>
      <texture name='Guijarros' creator='eTeks' width='20.0' height='20.0' image='67'/>
    </baseboard>
  </wall>
  <wall id='wall-90a71e53-d177-4e4d-8243-b5fce57d32fe' level='level-1927c239-bdbd-481e-ac3c-a5a2872bac1d' wallAtStart='wall-669b0cb2-032b-470a-9fa9-0228d2a3e743' wallAtEnd='wall-3d652349-a7c8-4bde-b69a-28a541c97501' xStart='635.46387' yStart='-186.71979' xEnd='635.46387' yEnd='-41.71985' height='250.0' thickness='18.0' pattern='hatchUp'>
    <texture attribute='rightSideTexture' name='Acabado Rugoso' creator='eTeks' catalogId='eTeks#roughcast' width='20.0' height='20.0' image='63'/>
    <baseboard attribute='rightSideBaseboard' thickness='1.0' height='7.0'>
      <texture name='Guijarros' creator='eTeks' width='20.0' height='20.0' image='67'/>
    </baseboard>
  </wall>
  <wall id='wall-3d652349-a7c8-4bde-b69a-28a541c97501' level='level-1927c239-bdbd-481e-ac3c-a5a2872bac1d' wallAtStart='wall-90a71e53-d177-4e4d-8243-b5fce57d32fe' wallAtEnd='wall-3d7ff6a4-2221-4b41-8dd9-bd3c31a13026' xStart='635.46387' yStart='-41.71985' xEnd='635.46387' yEnd='623.2803' height='250.0' thickness='18.0' pattern='hatchUp'>
    <texture attribute='leftSideTexture' name='Acabado Rugoso' creator='eTeks' catalogId='eTeks#roughcast' width='20.0' height='20.0' image='63'/>
    <texture attribute='rightSideTexture' name='Acabado Rugoso' creator='eTeks' catalogId='eTeks#roughcast' width='20.0' height='20.0' image='63'/>
    <baseboard attribute='leftSideBaseboard' thickness='1.0' height='7.0'>
      <texture name='Guijarros' creator='eTeks' width='20.0' height='20.0' image='67'/>
    </baseboard>
    <baseboard attribute='rightSideBaseboard' thickness='1.0' height='7.0'>
      <texture name='Guijarros' creator='eTeks' width='20.0' height='20.0' image='67'/>
    </baseboard>
  </wall>
  <wall id='wall-45bfb6b9-6250-4136-bb03-e122755865b6' level='level-1927c239-bdbd-481e-ac3c-a5a2872bac1d' wallAtStart='wall-dd362156-8181-4e3b-ae09-f4d147ba470e' wallAtEnd='wall-049ecd2c-5c1e-41a4-a568-96f419d19687' xStart='-354.5361' yStart='623.28' xEnd='-354.5361' yEnd='227.48566' height='250.0' thickness='18.0' pattern='hatchUp'>
    <texture attribute='leftSideTexture' name='Acabado Rugoso' creator='eTeks' catalogId='eTeks#roughcast' width='20.0' height='20.0' image='63'/>
    <texture attribute='rightSideTexture' name='Acabado Rugoso' creator='eTeks' catalogId='eTeks#roughcast' width='20.0' height='20.0' image='63'/>
    <baseboard attribute='leftSideBaseboard' thickness='1.0' height='7.0'>
      <texture name='Guijarros' creator='eTeks' width='20.0' height='20.0' image='67'/>
    </baseboard>
    <baseboard attribute='rightSideBaseboard' thickness='1.0' height='7.0'>
      <texture name='Guijarros' creator='eTeks' width='20.0' height='20.0' image='67'/>
    </baseboard>
  </wall>
  <wall id='wall-3d7ff6a4-2221-4b41-8dd9-bd3c31a13026' level='level-1927c239-bdbd-481e-ac3c-a5a2872bac1d' wallAtStart='wall-3d652349-a7c8-4bde-b69a-28a541c97501' wallAtEnd='wall-de9e5494-c988-48aa-bd33-5255d08606e0' xStart='635.46387' yStart='623.2803' xEnd='585.5272' yEnd='623.2803' height='250.0' thickness='18.0' pattern='hatchUp'>
    <texture attribute='leftSideTexture' name='Acabado Rugoso' creator='eTeks' catalogId='eTeks#roughcast' width='20.0' height='20.0' image='63'/>
    <texture attribute='rightSideTexture' name='Acabado Rugoso' creator='eTeks' catalogId='eTeks#roughcast' width='20.0' height='20.0' image='63'/>
    <baseboard attribute='leftSideBaseboard' thickness='1.0' height='7.0'>
      <texture name='Guijarros' creator='eTeks' width='20.0' height='20.0' image='67'/>
    </baseboard>
    <baseboard attribute='rightSideBaseboard' thickness='1.0' height='7.0'>
      <texture name='Guijarros' creator='eTeks' width='20.0' height='20.0' image='67'/>
    </baseboard>
  </wall>
  <wall id='wall-de9e5494-c988-48aa-bd33-5255d08606e0' level='level-1927c239-bdbd-481e-ac3c-a5a2872bac1d' wallAtStart='wall-3d7ff6a4-2221-4b41-8dd9-bd3c31a13026' wallAtEnd='wall-6e2fcf75-5376-4a81-a39b-453081a38705' xStart='585.5272' yStart='623.2803' xEnd='393.7058' yEnd='623.2803' height='250.0' thickness='18.0' pattern='hatchUp'>
    <texture attribute='leftSideTexture' name='Acabado Rugoso' creator='eTeks' catalogId='eTeks#roughcast' width='20.0' height='20.0' image='63'/>
    <texture attribute='rightSideTexture' name='Acabado Rugoso' creator='eTeks' catalogId='eTeks#roughcast' width='20.0' height='20.0' image='63'/>
    <baseboard attribute='leftSideBaseboard' thickness='1.0' height='7.0'>
      <texture name='Guijarros' creator='eTeks' width='20.0' height='20.0' image='67'/>
    </baseboard>
    <baseboard attribute='rightSideBaseboard' thickness='1.0' height='7.0'>
      <texture name='Guijarros' creator='eTeks' width='20.0' height='20.0' image='67'/>
    </baseboard>
  </wall>
  <wall id='wall-845fa02a-79ba-4e48-8172-2f2e87958477' level='level-1927c239-bdbd-481e-ac3c-a5a2872bac1d' wallAtStart='wall-89ec20fa-682c-4da0-91d9-757944cf9f07' xStart='600.46387' yStart='-242.64795' xEnd='600.46387' yEnd='-191.71991' height='250.0' thickness='18.0' pattern='hatchUp'>
    <texture attribute='rightSideTexture' name='Acabado Rugoso' creator='eTeks' catalogId='eTeks#roughcast' width='20.0' height='20.0' image='63'/>
    <baseboard attribute='rightSideBaseboard' thickness='1.0' height='7.0'>
      <texture name='Guijarros' creator='eTeks' width='20.0' height='20.0' image='67'/>
    </baseboard>
  </wall>
  <wall id='wall-f40c497b-5e73-49bf-bcb6-4ff273c45b37' level='level-1927c239-bdbd-481e-ac3c-a5a2872bac1d' wallAtStart='wall-33490de4-f3d0-419d-a66c-341619228f83' wallAtEnd='wall-4c893bae-5ddd-4f2f-9cc4-0dbddb03bcea' xStart='-703.11383' yStart='-187.75726' xEnd='-703.11383' yEnd='9.32428' height='250.0' thickness='18.0' pattern='hatchUp'>
    <texture attribute='leftSideTexture' name='Acabado Rugoso' creator='eTeks' catalogId='eTeks#roughcast' width='20.0' height='20.0' image='63'/>
    <baseboard attribute='leftSideBaseboard' thickness='1.0' height='7.0'>
      <texture name='Guijarros' creator='eTeks' width='20.0' height='20.0' image='67'/>
    </baseboard>
  </wall>
  <wall id='wall-4c893bae-5ddd-4f2f-9cc4-0dbddb03bcea' level='level-1927c239-bdbd-481e-ac3c-a5a2872bac1d' wallAtStart='wall-f40c497b-5e73-49bf-bcb6-4ff273c45b37' wallAtEnd='wall-6c5d550b-6f15-4259-9880-29e23ed6f27a' xStart='-703.11383' yStart='9.32428' xEnd='-703.11383' yEnd='197.24274' height='250.0' thickness='18.0' pattern='hatchUp'>
    <texture attribute='leftSideTexture' name='suspension de ruido' width='500.0' height='276.49005' image='68'/>
    <baseboard attribute='leftSideBaseboard' thickness='1.0' height='7.0'>
      <texture name='Guijarros' creator='eTeks' width='20.0' height='20.0' image='67'/>
    </baseboard>
  </wall>
  <wall id='wall-2e94a39a-2acb-4fbf-8509-50aa00a7236a' level='level-1927c239-bdbd-481e-ac3c-a5a2872bac1d' wallAtStart='wall-5ac5d0c2-3b65-404e-b544-0aa5d5e28196' wallAtEnd='wall-97bd571a-eca3-4ec5-b2da-c1ba08850336' xStart='-354.5361' yStart='-186.71979' xEnd='393.7058' yEnd='-186.71979' height='250.0' thickness='18.0' pattern='hatchUp'>
    <texture attribute='rightSideTexture' name='Acabado Rugoso' creator='eTeks' catalogId='eTeks#roughcast' width='20.0' height='20.0' image='63'/>
    <baseboard attribute='rightSideBaseboard' thickness='1.0' height='7.0'>
      <texture name='Guijarros' creator='eTeks' width='20.0' height='20.0' image='67'/>
    </baseboard>
  </wall>
  <wall id='wall-97bd571a-eca3-4ec5-b2da-c1ba08850336' level='level-1927c239-bdbd-481e-ac3c-a5a2872bac1d' wallAtStart='wall-2e94a39a-2acb-4fbf-8509-50aa00a7236a' wallAtEnd='wall-669b0cb2-032b-470a-9fa9-0228d2a3e743' xStart='393.7058' yStart='-186.71979' xEnd='600.46387' yEnd='-186.71979' height='250.0' thickness='18.0' pattern='hatchUp'>
    <texture attribute='leftSideTexture' name='Acabado Rugoso' creator='eTeks' catalogId='eTeks#roughcast' width='20.0' height='20.0' image='63'/>
    <texture attribute='rightSideTexture' name='Acabado Rugoso' creator='eTeks' catalogId='eTeks#roughcast' width='20.0' height='20.0' image='63'/>
    <baseboard attribute='leftSideBaseboard' thickness='1.0' height='7.0'>
      <texture name='Guijarros' creator='eTeks' width='20.0' height='20.0' image='67'/>
    </baseboard>
    <baseboard attribute='rightSideBaseboard' thickness='1.0' height='7.0'>
      <texture name='Guijarros' creator='eTeks' width='20.0' height='20.0' image='67'/>
    </baseboard>
  </wall>
  <wall id='wall-89ec20fa-682c-4da0-91d9-757944cf9f07' level='level-1927c239-bdbd-481e-ac3c-a5a2872bac1d' wallAtStart='wall-aa19a4e6-6e26-41cb-9394-1030de6fa300' wallAtEnd='wall-845fa02a-79ba-4e48-8172-2f2e87958477' xStart='600.46387' yStart='-430.56647' xEnd='600.46387' yEnd='-242.64795' height='250.0' thickness='18.0' pattern='hatchUp'>
    <texture attribute='leftSideTexture' name='Acabado Rugoso' creator='eTeks' catalogId='eTeks#roughcast' width='20.0' height='20.0' image='63'/>
    <texture attribute='rightSideTexture' name='Acabado Rugoso' creator='eTeks' catalogId='eTeks#roughcast' width='20.0' height='20.0' image='63'/>
    <baseboard attribute='leftSideBaseboard' thickness='1.0' height='7.0'>
      <texture name='Guijarros' creator='eTeks' width='20.0' height='20.0' image='67'/>
    </baseboard>
    <baseboard attribute='rightSideBaseboard' thickness='1.0' height='7.0'>
      <texture name='Guijarros' creator='eTeks' width='20.0' height='20.0' image='67'/>
    </baseboard>
  </wall>
  <wall id='wall-9f946b41-a8d6-4e59-ab4b-7ee2e1e68dbd' level='level-1927c239-bdbd-481e-ac3c-a5a2872bac1d' wallAtStart='wall-2cbec476-12f7-443f-8075-71f72a348e29' wallAtEnd='wall-aa19a4e6-6e26-41cb-9394-1030de6fa300' xStart='600.46387' yStart='-714.49756' xEnd='600.46387' yEnd='-627.6481' height='250.0' thickness='18.0' pattern='hatchUp'>
    <texture attribute='rightSideTexture' name='Acabado Rugoso' creator='eTeks' catalogId='eTeks#roughcast' width='20.0' height='20.0' image='63'/>
    <baseboard attribute='rightSideBaseboard' thickness='1.0' height='7.0'>
      <texture name='Guijarros' creator='eTeks' width='20.0' height='20.0' image='67'/>
    </baseboard>
  </wall>
  <wall id='wall-aa19a4e6-6e26-41cb-9394-1030de6fa300' level='level-1927c239-bdbd-481e-ac3c-a5a2872bac1d' wallAtStart='wall-9f946b41-a8d6-4e59-ab4b-7ee2e1e68dbd' wallAtEnd='wall-89ec20fa-682c-4da0-91d9-757944cf9f07' xStart='600.46387' yStart='-627.6481' xEnd='600.46387' yEnd='-430.56647' height='250.0' thickness='18.0' pattern='hatchUp'>
    <texture attribute='leftSideTexture' name='Acabado Rugoso' creator='eTeks' catalogId='eTeks#roughcast' width='20.0' height='20.0' image='63'/>
    <texture attribute='rightSideTexture' name='Acabado Rugoso' creator='eTeks' catalogId='eTeks#roughcast' width='20.0' height='20.0' image='63'/>
    <baseboard attribute='leftSideBaseboard' thickness='1.0' height='7.0'>
      <texture name='Guijarros' creator='eTeks' width='20.0' height='20.0' image='67'/>
    </baseboard>
    <baseboard attribute='rightSideBaseboard' thickness='1.0' height='7.0'>
      <texture name='Guijarros' creator='eTeks' width='20.0' height='20.0' image='67'/>
    </baseboard>
  </wall>
  <wall id='wall-5ac5d0c2-3b65-404e-b544-0aa5d5e28196' level='level-1927c239-bdbd-481e-ac3c-a5a2872bac1d' wallAtStart='wall-54dd441e-b39e-4ed5-b20c-78af97e68532' wallAtEnd='wall-2e94a39a-2acb-4fbf-8509-50aa00a7236a' xStart='-354.5361' yStart='9.32428' xEnd='-354.5361' yEnd='-186.71979' height='250.0' thickness='18.0' pattern='hatchUp'>
    <texture attribute='leftSideTexture' name='Acabado Rugoso' creator='eTeks' catalogId='eTeks#roughcast' width='20.0' height='20.0' image='63'/>
    <texture attribute='rightSideTexture' name='Acabado Rugoso' creator='eTeks' catalogId='eTeks#roughcast' width='20.0' height='20.0' image='63'/>
    <baseboard attribute='leftSideBaseboard' thickness='1.0' height='7.0'/>
    <baseboard attribute='rightSideBaseboard' thickness='1.0' height='7.0'>
      <texture name='Guijarros' creator='eTeks' width='20.0' height='20.0' image='67'/>
    </baseboard>
  </wall>
  <wall id='wall-049ecd2c-5c1e-41a4-a568-96f419d19687' level='level-1927c239-bdbd-481e-ac3c-a5a2872bac1d' wallAtStart='wall-45bfb6b9-6250-4136-bb03-e122755865b6' wallAtEnd='wall-54dd441e-b39e-4ed5-b20c-78af97e68532' xStart='-354.5361' yStart='227.48566' xEnd='-354.5361' yEnd='197.24286' height='250.0' thickness='18.0' pattern='hatchUp'>
    <texture attribute='rightSideTexture' name='Acabado Rugoso' creator='eTeks' catalogId='eTeks#roughcast' width='20.0' height='20.0' image='63'/>
    <baseboard attribute='rightSideBaseboard' thickness='1.0' height='7.0'>
      <texture name='Guijarros' creator='eTeks' width='20.0' height='20.0' image='67'/>
    </baseboard>
  </wall>
  <wall id='wall-54dd441e-b39e-4ed5-b20c-78af97e68532' level='level-1927c239-bdbd-481e-ac3c-a5a2872bac1d' wallAtStart='wall-049ecd2c-5c1e-41a4-a568-96f419d19687' wallAtEnd='wall-5ac5d0c2-3b65-404e-b544-0aa5d5e28196' xStart='-354.5361' yStart='197.24286' xEnd='-354.5361' yEnd='9.32428' height='250.0' thickness='18.0' pattern='hatchUp'>
    <texture attribute='leftSideTexture' name='suspension de ruido' width='500.0' height='276.49005' image='68'/>
    <texture attribute='rightSideTexture' name='Acabado Rugoso' creator='eTeks' catalogId='eTeks#roughcast' width='20.0' height='20.0' image='63'/>
    <baseboard attribute='leftSideBaseboard' thickness='1.0' height='7.0'>
      <texture name='Guijarros' creator='eTeks' width='20.0' height='20.0' image='67'/>
    </baseboard>
    <baseboard attribute='rightSideBaseboard' thickness='1.0' height='7.0'>
      <texture name='Guijarros' creator='eTeks' width='20.0' height='20.0' image='67'/>
    </baseboard>
  </wall>
  <wall id='wall-31361a2a-2bf0-41d0-a863-c1bb02b09c1a' level='level-cb03f8ba-1f86-47ec-8f86-8bc96ba91912' wallAtStart='wall-3f824cca-e1dd-43b9-b93b-f97fe241d5c3' wallAtEnd='wall-7f3879bf-3d73-478a-8b42-f930532d9cc1' xStart='635.46387' yStart='-182.60461' xEnd='635.46387' yEnd='623.2803' height='250.0' thickness='18.0' pattern='hatchUp'>
    <texture attribute='rightSideTexture' name='Ladrillos Pequeños' creator='eTeks' catalogId='eTeks#smallBricks' width='23.0' height='14.9' image='70'/>
    <baseboard attribute='rightSideBaseboard' thickness='1.0' height='100.0'>
      <texture name='ladrillos 2' width='250.0' height='166.50394' image='69'/>
    </baseboard>
  </wall>
  <wall id='wall-7f3879bf-3d73-478a-8b42-f930532d9cc1' level='level-cb03f8ba-1f86-47ec-8f86-8bc96ba91912' wallAtStart='wall-31361a2a-2bf0-41d0-a863-c1bb02b09c1a' wallAtEnd='wall-919b2558-9e3e-405d-9bc4-8b72dca894e1' xStart='635.46387' yStart='623.2803' xEnd='-354.6618' yEnd='623.28' height='250.0' thickness='18.0' pattern='hatchUp'>
    <texture attribute='rightSideTexture' name='Ladrillos Pequeños' creator='eTeks' catalogId='eTeks#smallBricks' width='23.0' height='14.9' image='70'/>
    <baseboard attribute='rightSideBaseboard' thickness='1.0' height='100.0'>
      <texture name='ladrillos 2' width='250.0' height='166.50394' image='69'/>
    </baseboard>
  </wall>
  <wall id='wall-919b2558-9e3e-405d-9bc4-8b72dca894e1' level='level-cb03f8ba-1f86-47ec-8f86-8bc96ba91912' wallAtStart='wall-7f3879bf-3d73-478a-8b42-f930532d9cc1' wallAtEnd='wall-3f824cca-e1dd-43b9-b93b-f97fe241d5c3' xStart='-354.6618' yStart='623.28' xEnd='-354.66183' yEnd='-182.60461' height='250.0' thickness='18.0' pattern='hatchUp'>
    <texture attribute='rightSideTexture' name='Ladrillos Pequeños' creator='eTeks' catalogId='eTeks#smallBricks' width='23.0' height='14.9' image='70'/>
    <baseboard attribute='rightSideBaseboard' thickness='1.0' height='100.0'>
      <texture name='ladrillos 2' width='250.0' height='166.50394' image='69'/>
    </baseboard>
  </wall>
  <wall id='wall-3f824cca-e1dd-43b9-b93b-f97fe241d5c3' level='level-cb03f8ba-1f86-47ec-8f86-8bc96ba91912' wallAtStart='wall-919b2558-9e3e-405d-9bc4-8b72dca894e1' wallAtEnd='wall-31361a2a-2bf0-41d0-a863-c1bb02b09c1a' xStart='-354.66183' yStart='-182.60461' xEnd='635.46387' yEnd='-182.60461' height='250.0' thickness='18.0' pattern='hatchUp'>
    <texture attribute='rightSideTexture' name='Ladrillos Pequeños' creator='eTeks' catalogId='eTeks#smallBricks' width='23.0' height='14.9' image='70'/>
    <baseboard attribute='rightSideBaseboard' thickness='1.0' height='100.0'>
      <texture name='ladrillos 2' width='250.0' height='166.50394' image='69'/>
    </baseboard>
  </wall>
  <room id='room-887a2b39-aacb-4c00-b260-125ff3807ccb' level='level-1927c239-bdbd-481e-ac3c-a5a2872bac1d' name='Sala' nameXOffset='-7.0949707' nameYOffset='197.68298' floorShininess='0.25' ceilingFlat='true'>
    <texture attribute='floorTexture' name='Piso de Madera' creator='eTeks' catalogId='eTeks#woodenFloor' width='42.5' height='42.5' image='64'/>
    <texture attribute='ceilingTexture' name='Acabado Rugoso' creator='eTeks' catalogId='eTeks#roughcast' width='20.0' height='20.0' image='63'/>
    <point x='440.95898' y='-186.74487'/>
    <point x='440.95898' y='-177.71979'/>
    <point x='440.95898' y='227.48566'/>
    <point x='-345.5361' y='227.48566'/>
    <point x='-345.5361' y='255.47723'/>
    <point x='-354.5612' y='255.47723'/>
    <point x='-354.5612' y='347.48553'/>
    <point x='-345.5361' y='347.48553'/>
    <point x='-345.5361' y='614.28'/>
    <point x='-291.19824' y='614.28'/>
    <point x='-291.19824' y='623.30493'/>
    <point x='-199.18994' y='623.30493'/>
    <point x='-199.18994' y='614.28'/>
    <point x='-136.29419' y='614.28'/>
    <point x='393.7058' y='614.2803'/>
    <point x='443.18848' y='614.2803'/>
    <point x='443.18848' y='623.3052'/>
    <point x='535.1968' y='623.3052'/>
    <point x='535.1968' y='614.2803'/>
    <point x='626.46387' y='614.2803'/>
    <point x='626.46387' y='547.95435'/>
    <point x='635.489' y='547.95435'/>
    <point x='635.489' y='455.94604'/>
    <point x='626.46387' y='455.94604'/>
    <point x='626.46387' y='-41.71985'/>
    <point x='626.46387' y='-177.71979'/>
    <point x='532.9673' y='-177.71979'/>
    <point x='532.9673' y='-186.74487'/>
  </room>
  <room id='room-c9d16cf5-98b4-47ba-ab67-30d5a7416c93' level='level-1927c239-bdbd-481e-ac3c-a5a2872bac1d' name='cocina' nameXOffset='-10.642517' nameYOffset='2.5700684' floorShininess='0.25' ceilingFlat='true'>
    <texture attribute='floorTexture' name='Piso de Madera' creator='eTeks' catalogId='eTeks#woodenFloor' width='42.5' height='42.5' image='64'/>
    <texture attribute='ceilingTexture' name='Acabado Rugoso' creator='eTeks' catalogId='eTeks#roughcast' width='20.0' height='20.0' image='63'/>
    <point x='-363.5361' y='236.48566'/>
    <point x='-720.53613' y='236.48566'/>
    <point x='-720.53613' y='688.4856'/>
    <point x='-363.5361' y='688.4856'/>
  </room>
  <room id='room-5463d9a4-4fb2-4bc7-93aa-248a1e41bd02' level='level-1927c239-bdbd-481e-ac3c-a5a2872bac1d' name='' nameXOffset='141.90027' nameYOffset='158.6604' areaXOffset='-67.40259' areaYOffset='166.73279' floorShininess='0.25' ceilingFlat='true'>
    <texture attribute='floorTexture' name='Piso de Madera' creator='eTeks' catalogId='eTeks#woodenFloor' width='42.5' height='42.5' image='64'/>
    <texture attribute='ceilingTexture' name='Acabado Rugoso' creator='eTeks' catalogId='eTeks#roughcast' width='20.0' height='20.0' image='63'/>
    <point x='-345.5361' y='632.28'/>
    <point x='-145.29419' y='632.28'/>
    <point x='-145.29419' y='922.2803'/>
    <point x='402.7058' y='922.2803'/>
    <point x='402.7058' y='632.2803'/>
    <point x='576.5272' y='632.2803'/>
    <point x='576.5272' y='1099.2803'/>
    <point x='-345.66177' y='1099.2803'/>
  </room>
  <room id='room-8d650b6b-02b7-4f29-9db6-d03a4331b061' level='level-1927c239-bdbd-481e-ac3c-a5a2872bac1d' name='Oficina' floorShininess='0.25' ceilingFlat='true'>
    <texture attribute='floorTexture' name='Piso de Madera' creator='eTeks' catalogId='eTeks#woodenFloor' width='42.5' height='42.5' image='64'/>
    <texture attribute='ceilingTexture' name='Acabado Rugoso' creator='eTeks' catalogId='eTeks#roughcast' width='20.0' height='20.0' image='63'/>
    <point x='-127.29419' y='632.28'/>
    <point x='384.7058' y='632.2803'/>
    <point x='384.7058' y='904.2803'/>
    <point x='-127.29419' y='904.2803'/>
  </room>
  <room id='room-7683e00c-4667-4c1c-a90b-eb19199acaf7' level='level-1927c239-bdbd-481e-ac3c-a5a2872bac1d' name='sala de mantenimiento' nameXOffset='17.737427' nameYOffset='-11.619995' areaXOffset='85.14026' areaYOffset='95.78284' floorShininess='0.25' ceilingFlat='true'>
    <texture attribute='floorTexture' name='Piso de Madera' creator='eTeks' catalogId='eTeks#woodenFloor' width='42.5' height='42.5' image='64'/>
    <texture attribute='ceilingTexture' name='Acabado Rugoso' creator='eTeks' catalogId='eTeks#roughcast' width='20.0' height='20.0' image='63'/>
    <point x='590.60046' y='632.2803'/>
    <point x='1096.4639' y='632.2803'/>
    <point x='1096.4639' y='1099.2803'/>
    <point x='596.5371' y='1099.2803'/>
  </room>
  <room id='room-1d873b18-d46a-4960-8b9a-774f187a4aa5' level='level-1927c239-bdbd-481e-ac3c-a5a2872bac1d' name='habitacion' nameYOffset='-15.167358' floorShininess='0.25' ceilingFlat='true'>
    <texture attribute='floorTexture' name='Piso de Madera' creator='eTeks' catalogId='eTeks#woodenFloor' width='42.5' height='42.5' image='64'/>
    <texture attribute='ceilingTexture' name='Acabado Rugoso' creator='eTeks' catalogId='eTeks#roughcast' width='20.0' height='20.0' image='63'/>
    <point x='644.46387' y='-32.71985'/>
    <point x='1096.4639' y='-32.719788'/>
    <point x='1096.4639' y='614.2803'/>
    <point x='644.46387' y='614.2803'/>
  </room>
  <room id='room-0860bf42-2d2e-4155-aeaf-f5b6a9723165' level='level-1927c239-bdbd-481e-ac3c-a5a2872bac1d' name='baño' nameYOffset='2.5700684' floorShininess='0.25' ceilingFlat='true'>
    <texture attribute='floorTexture' name='Azulejos Beige' creator='eTeks' catalogId='eTeks#beigeTile' width='20.0' height='20.0' image='65'/>
    <texture attribute='ceilingTexture' name='Acabado Rugoso' creator='eTeks' catalogId='eTeks#roughcast' width='20.0' height='20.0' image='63'/>
    <point x='-362.11386' y='188.24286'/>
    <point x='-694.11383' y='188.24274'/>
    <point x='-694.11383' y='9.32428'/>
    <point x='-363.5361' y='12.91449'/>
  </room>
  <room id='room-2eebfb8b-e7a6-4d08-b669-e023c42a1d68' level='level-1927c239-bdbd-481e-ac3c-a5a2872bac1d' name='Closet' nameXOffset='3.5474854' nameYOffset='2.5701904' floorShininess='0.25' ceilingFlat='true'>
    <texture attribute='floorTexture' name='Piso de Madera' creator='eTeks' catalogId='eTeks#woodenFloor' width='42.5' height='42.5' image='64'/>
    <texture attribute='ceilingTexture' name='Acabado Rugoso' creator='eTeks' catalogId='eTeks#roughcast' width='20.0' height='20.0' image='63'/>
    <point x='-362.11386' y='-178.75726'/>
    <point x='-694.11383' y='-178.75726'/>
    <point x='-694.11383' y='0.32440186'/>
    <point x='-362.11386' y='0.32440186'/>
  </room>
  <room id='room-155159ce-0057-44ce-b9c4-5c0da5fcc3e5' level='level-1927c239-bdbd-481e-ac3c-a5a2872bac1d' name='entrada' floorShininess='0.25' ceilingFlat='true'>
    <texture attribute='floorTexture' name='Piso de Madera' creator='eTeks' catalogId='eTeks#woodenFloor' width='42.5' height='42.5' image='64'/>
    <texture attribute='ceilingTexture' name='Acabado Rugoso' creator='eTeks' catalogId='eTeks#roughcast' width='20.0' height='20.0' image='63'/>
    <point x='402.7058' y='-705.49756'/>
    <point x='591.46387' y='-705.49756'/>
    <point x='591.46387' y='-195.71979'/>
    <point x='402.7058' y='-195.71979'/>
  </room>
  <room id='room-31dc98ed-10fe-4a4e-91a5-16cf9c97b5c3' level='level-1927c239-bdbd-481e-ac3c-a5a2872bac1d' name='Comedor' floorShininess='0.25' ceilingFlat='true'>
    <texture attribute='floorTexture' name='Piso de Madera' creator='eTeks' catalogId='eTeks#woodenFloor' width='42.5' height='42.5' image='64'/>
    <texture attribute='ceilingTexture' name='Acabado Rugoso' creator='eTeks' catalogId='eTeks#roughcast' width='20.0' height='20.0' image='63'/>
    <point x='440.95898' y='227.48566'/>
    <point x='440.95898' y='-177.71979'/>
    <point x='-345.5361' y='-177.71979'/>
    <point x='-345.5361' y='227.48566'/>
  </room>
  <room id='room-e4f97201-81e6-4c41-9bea-274b3a1ba640' level='level-cb03f8ba-1f86-47ec-8f86-8bc96ba91912' areaVisible='true' ceilingFlat='true'>
    <point x='-345.5361' y='614.28'/>
    <point x='626.46387' y='614.2803'/>
    <point x='626.46387' y='-177.71979'/>
    <point x='-345.5361' y='-177.71979'/>
  </room>
  <room id='room-7d24fcb5-56be-4287-bb29-51eb4d3ea9a3' level='level-cb03f8ba-1f86-47ec-8f86-8bc96ba91912' name='sotano' ceilingFlat='true'>
    <texture attribute='floorTexture' name='Baldosa' creator='eTeks' catalogId='eTeks#pavingStone' width='42.3' height='30.0' image='66'/>
    <texture attribute='ceilingTexture' name='Acabado Rugoso' creator='eTeks' width='20.0' height='20.0' image='63'/>
    <point x='626.46387' y='-182.71991'/>
    <point x='626.46387' y='614.2803'/>
    <point x='-345.6618' y='614.28'/>
    <point x='-345.66183' y='-182.71991'/>
  </room>
</home>